archetypeName,url,common,uncommon,rare,strength,dexterity,constitution,wisdom,intelligence,charisma,alchemy,anythingLore,arcane,armorFamiliarity,divine,exploration,focusSpells,freeCounsumables,infiniteHealing,innate,metastrike,minion,multiclass,occult,prepared,primal,reaction,resistance,skillScaling,skillFeats,spontaneous,stance,unarmed,undead,weaponFamiliarity,level
Description,,always available,has access requirements or requires GM approval,has access requirements or requires GM approval,has an emphasis on this ability modifier,has an emphasis on this ability modifier,has an emphasis on this ability modifier,has an emphasis on this ability modifier,has an emphasis on this ability modifier,has an emphasis on this ability modifier,has advanced alchemy,has a lore than recall about anything,spell tradition,scales armor with your class proficiency,spell tradition,upgrades or creates an exploration activity,offers focus spells,creates free daily consumables,can heal itself and/or an ally indefinitely,offers innate  spells,offers an activity that contains or improves a Strike,offers a minion or companion,is a multiclass archetype,spell tradition,offers prepared spells,spell tradition,offers a reaction,offers some form of damage resistance,has a feature that automatically increases a non-lore skill to legendary,offers skill feats,offers spontaneous spellcasting,offers a stance,grants an unarmed attack or has metastrikes that can use them,,matches proficiency with some types of weapons to your class proficiency,
Acrobat,https://2e.aonprd.com/Archetypes.aspx?ID=236,TRUE,,,,TRUE,,,,TRUE,,,,,,,,,,TRUE,TRUE,,,TRUE,FALSE,,TRUE,,TRUE,TRUE,FALSE,,,,,2
Alchemist,https://2e.aonprd.com/Archetypes.aspx?ID=228,TRUE,,,,,,,TRUE,,TRUE,,,,,,,TRUE,,,FALSE,,TRUE,,FALSE,,,,,,,,,,,2
Aldori Duelist,https://2e.aonprd.com/Archetypes.aspx?ID=324,FALSE,TRUE,,TRUE,TRUE,,,,,,,,,,,,,,FALSE,TRUE,,,,FALSE,,TRUE,,,TRUE,FALSE,TRUE,,,TRUE,2
Alkenstar Agent,https://2e.aonprd.com/Archetypes.aspx?ID=183,FALSE,TRUE,,,,,,,TRUE,,,,,,,,,,,TRUE,,,,,,TRUE,,,TRUE,,,,,,2
Alter Ego,https://2e.aonprd.com/Archetypes.aspx?ID=344,FALSE,TRUE,,,,,,,TRUE,,,,,,,,,,TRUE,,,,TRUE,,,TRUE,,,TRUE,,,,,,2
Animal Trainer,https://2e.aonprd.com/Archetypes.aspx?ID=38,FALSE,TRUE,,,,,,,,,,,,,,,,,,,TRUE,,,,,,,,,,,,,,2
Animist,https://2e.aonprd.com/Archetypes.aspx?ID=280,TRUE,,,,,,TRUE,,,,,,,TRUE,,,,,,,,TRUE,,TRUE,,,,,,,,,,,2
Archaeologist,https://2e.aonprd.com/Archetypes.aspx?ID=237,TRUE,,,,,,,,,,,,,,TRUE,,,,TRUE,,,,TRUE,,,,,,TRUE,,,,,,2
Archer,https://2e.aonprd.com/Archetypes.aspx?ID=238,TRUE,,,,TRUE,,,,,,,,,,,,,,,TRUE,,,,,,,,,,,TRUE,,,TRUE,2
Artillerist,https://2e.aonprd.com/Archetypes.aspx?ID=115,TRUE,,,,,,,,,,,,,,,,,,,,,,,,,,,,TRUE,,,,,,2
Assassin,https://2e.aonprd.com/Archetypes.aspx?ID=239,TRUE,,,,,,,,,,,,,,,,,,,TRUE,,,,,,,TRUE,,TRUE,,,,,,2
Barbarian,https://2e.aonprd.com/Archetypes.aspx?ID=229,TRUE,,,TRUE,,TRUE,,,,,,,,,,,,,,TRUE,,,,,,TRUE,,,,,,,,,2
Bard,https://2e.aonprd.com/Archetypes.aspx?ID=211,TRUE,,,,FALSE,,,,TRUE,,TRUE,,,,,,,TRUE,,FALSE,,TRUE,,,,,,,,TRUE,,,,,2
Bastion,https://2e.aonprd.com/Archetypes.aspx?ID=240,TRUE,,,,,,,,,,,,,,,,,,,,,,,,,TRUE,,,,,TRUE,,,,2
Beast Gunner,https://2e.aonprd.com/Archetypes.aspx?ID=116,FALSE,TRUE,,,TRUE,,,TRUE,TRUE,,,TRUE,,,,,,,,TRUE,,,,,TRUE,,,,,TRUE,,,,,6
Beastmaster,https://2e.aonprd.com/Archetypes.aspx?ID=241,TRUE,,,,,,TRUE,,,,,,,,,TRUE,,TRUE,,,TRUE,,,,TRUE,,,,,,,,,,2
Bellflower Tiller,https://2e.aonprd.com/Archetypes.aspx?ID=23,FALSE,TRUE,,,,,,,,,,,,,TRUE,,,,,,,,,,,,,,,,,,,,6
Blackjacket,https://2e.aonprd.com/Archetypes.aspx?ID=316,FALSE,TRUE,,,,,,,TRUE,,,,,,TRUE,,,,,TRUE,,,,,,TRUE,,,,,,,,,2
Blessed One,https://2e.aonprd.com/Archetypes.aspx?ID=242,TRUE,,,,,,,,TRUE,,,,,TRUE,,TRUE,,TRUE,,,,,,,,TRUE,,,,,,,,,2
Bounty Hunter,https://2e.aonprd.com/Archetypes.aspx?ID=243,TRUE,,,,,,,,,,,,,,,,,,,,,,,,,TRUE,,,,,,,,,2
Bright Lion,https://2e.aonprd.com/Archetypes.aspx?ID=129,FALSE,TRUE,,,,,,,TRUE,,,,,TRUE,,TRUE,,,TRUE,,,,,,,,,,,,,,,TRUE,2
Bullet Dancer,https://2e.aonprd.com/Archetypes.aspx?ID=117,FALSE,TRUE,,,TRUE,,TRUE,,,,,,,TRUE,,TRUE,,,,TRUE,,,TRUE,,,,,,,,TRUE,,,,2
Butterfly Blade,https://2e.aonprd.com/Archetypes.aspx?ID=91,FALSE,TRUE,,,,,,,,,,TRUE,,,,,,,TRUE,TRUE,,,,,,TRUE,,,,,,,,TRUE,4
Campfire Chronicler,https://2e.aonprd.com/Archetypes.aspx?ID=300,FALSE,TRUE,,,,,,,TRUE,,,,,,TRUE,TRUE,,,,,,,,,,,TRUE,,,,,,,,2
Captain,https://2e.aonprd.com/Archetypes.aspx?ID=332,FALSE,TRUE,,,,,,,TRUE,,,,,,,,,,,,TRUE,,,,,,,,TRUE,,,,,,2
Captivator,https://2e.aonprd.com/Archetypes.aspx?ID=125,TRUE,,,,,,,,TRUE,,,,,,,,,,TRUE,,,,TRUE,,,TRUE,,,,,,,,,4
Cathartic Mage,https://2e.aonprd.com/Archetypes.aspx?ID=97,FALSE,TRUE,,,,,TRUE,TRUE,TRUE,,,TRUE,,TRUE,,,,,,,,,TRUE,,TRUE,TRUE,,,,TRUE,,,,,2
Cavalier,https://2e.aonprd.com/Archetypes.aspx?ID=244,TRUE,,,,,,,,,,,,,,,,,,,TRUE,TRUE,,,,,TRUE,,,TRUE,,,,,,2
Celebrity,https://2e.aonprd.com/Archetypes.aspx?ID=245,TRUE,,,,,,,,,,,,,,,,,,TRUE,,,,TRUE,,,TRUE,,TRUE,TRUE,,,,,,2
Champion,https://2e.aonprd.com/Archetypes.aspx?ID=230,TRUE,,,TRUE,,,,,TRUE,,,,,TRUE,,TRUE,,TRUE,,,TRUE,TRUE,,,,TRUE,,,,,TRUE,,,,2
Chronoskimmer,https://2e.aonprd.com/Archetypes.aspx?ID=349,FALSE,FALSE,TRUE,,,,,,,,,,,,,,,,,TRUE,,,,,,TRUE,,,,,,,,,2
Clawdancer,https://2e.aonprd.com/Archetypes.aspx?ID=221,TRUE,,,TRUE,TRUE,,,,,,,,,,,,,,,TRUE,,,,,,TRUE,,,,,TRUE,TRUE,,,2
Cleric,https://2e.aonprd.com/Archetypes.aspx?ID=212,TRUE,,,,,,TRUE,,,,,,,TRUE,,TRUE,,,,,,TRUE,,TRUE,,,,,,,,,,,2
Clockwork Reanimator,https://2e.aonprd.com/Archetypes.aspx?ID=184,FALSE,FALSE,TRUE,,,,,,,,,,,,,,,,,,TRUE,,,,,TRUE,,,,,,,,,2
Commander,https://2e.aonprd.com/Archetypes.aspx?ID=322,TRUE,,,,,,,TRUE,,,,,,,,,,,,,,,,,,,,,,,,,,,2
Corpse Tender,https://2e.aonprd.com/Archetypes.aspx?ID=196,FALSE,TRUE,,,,,,,TRUE,,,,,TRUE,,,,,TRUE,,,,,,,,,,,,,,,,2
Crossbow Infiltrator,https://2e.aonprd.com/Archetypes.aspx?ID=325,TRUE,,,,TRUE,,,,,,,,,,,,,,,TRUE,,,,,,,,,,,,,,TRUE,2
Crystal Keeper,https://2e.aonprd.com/Archetypes.aspx?ID=34,FALSE,FALSE,TRUE,,,,,TRUE,,,,TRUE,,,,TRUE,,,TRUE,,,,,,,,TRUE,,,,,,,,4
Cultivator,https://2e.aonprd.com/Archetypes.aspx?ID=278,FALSE,FALSE,TRUE,,,,TRUE,,,,,,,,,TRUE,,,,,,,TRUE,,,,,,,,,,,,2
Curse Maelstrom,https://2e.aonprd.com/Archetypes.aspx?ID=347,FALSE,FALSE,TRUE,,,,TRUE,,,,,,,,,,,,TRUE,,,,TRUE,,,TRUE,,,,,,,,,2
Dandy,https://2e.aonprd.com/Archetypes.aspx?ID=246,TRUE,,,,,,,,,,TRUE,,,,,,,,TRUE,,,,TRUE,,,TRUE,,TRUE,TRUE,,,,,,2
Demolitionist,https://2e.aonprd.com/Archetypes.aspx?ID=118,FALSE,TRUE,,,,,,,,,,,,,,,,,,,,,,,,TRUE,TRUE,,,,,,,,2
Draconic Acolyte,https://2e.aonprd.com/Archetypes.aspx?ID=333,FALSE,TRUE,,,,,,,,,,TRUE,,TRUE,,,,,TRUE,,,,TRUE,,TRUE,TRUE,TRUE,,,,,,,,2
Dragon Disciple,https://2e.aonprd.com/Archetypes.aspx?ID=56,FALSE,TRUE,,,,,,,TRUE,,,TRUE,,TRUE,,TRUE,,,,,,,TRUE,,TRUE,,TRUE,,,,,TRUE,,,2
Drake Rider,https://2e.aonprd.com/Archetypes.aspx?ID=334,FALSE,TRUE,,,,,,,,,,,,,,,,,,,TRUE,,,,,,,,,,TRUE,,,,2
Druid,https://2e.aonprd.com/Archetypes.aspx?ID=213,TRUE,,,,,,TRUE,,,,,,,,,TRUE,,TRUE,,,TRUE,TRUE,,TRUE,TRUE,,TRUE,,,,,,,,2
Dual-Weapon Warrior,https://2e.aonprd.com/Archetypes.aspx?ID=247,TRUE,,,TRUE,TRUE,,,,,,,,,,,,,,,TRUE,,,,,,TRUE,,,,,,,,,2
Duelist,https://2e.aonprd.com/Archetypes.aspx?ID=248,TRUE,,,,,,,,,,,,,,,,,,,TRUE,,,,,,TRUE,,,,,TRUE,,,,2
Eagle Knight,https://2e.aonprd.com/Archetypes.aspx?ID=314,FALSE,TRUE,,,,,,,TRUE,,,,,,TRUE,,,,,TRUE,,,,,,TRUE,TRUE,,,,,,,,2
Edgewatch Detective,https://2e.aonprd.com/Archetypes.aspx?ID=85,FALSE,TRUE,,,,,,,,,,,,,,,,,,,,,,,,,,,,,,,,,2
Eldritch Archer,https://2e.aonprd.com/Archetypes.aspx?ID=249,TRUE,,,,TRUE,,,,TRUE,,,,,,,,,,,TRUE,,,,,,,,,,TRUE,,,,,2
Eldritch Researcher,https://2e.aonprd.com/Archetypes.aspx?ID=89,FALSE,TRUE,,,,,,TRUE,,,,,,,,TRUE,,,TRUE,,,,TRUE,,,,TRUE,,,,,,,,2
Exemplar,https://2e.aonprd.com/Archetypes.aspx?ID=281,FALSE,FALSE,TRUE,TRUE,TRUE,,,,,,,,,,,,,TRUE,,,,TRUE,,,,TRUE,,,,,,,,,2
Exorcist,https://2e.aonprd.com/Archetypes.aspx?ID=171,TRUE,,,,,,,,,,,,,,TRUE,,,TRUE,,,,,,,,TRUE,,,,,,,,,4
Familiar Master,https://2e.aonprd.com/Archetypes.aspx?ID=250,TRUE,,,,,,,,,,,,,,,,,,,,TRUE,,,,,,,,,,,,,,2
Familiar Sage,https://2e.aonprd.com/Archetypes.aspx?ID=279,TRUE,,,,,,,,,,,,,,,,,,,,TRUE,,,,,TRUE,,,,,,,,,4
Fan Dancer,https://2e.aonprd.com/Archetypes.aspx?ID=276,FALSE,TRUE,,,TRUE,,,,TRUE,,,,,,,,,,,TRUE,,,,,,TRUE,,TRUE,TRUE,,,,,,2
Field Propagandist,https://2e.aonprd.com/Archetypes.aspx?ID=326,TRUE,,,,,,,,TRUE,,,,,,,,,,,,,,,,,,,,,,,,,,2
Fighter,https://2e.aonprd.com/Archetypes.aspx?ID=214,TRUE,,,TRUE,TRUE,,,,,,,,,,,,,,,TRUE,,TRUE,,,,,,,,,TRUE,TRUE,,,2
Firebrand Braggart,https://2e.aonprd.com/Archetypes.aspx?ID=24,FALSE,TRUE,,,,,,,TRUE,,,,,,,,,,,,,,,,,TRUE,,,,,,,,,4
Firework Technician,https://2e.aonprd.com/Archetypes.aspx?ID=119,FALSE,TRUE,,,,,,,,TRUE,,,,,,,,,,,,,,,,TRUE,,,,,,,,,2
Five-breath Vanguard,https://2e.aonprd.com/Archetypes.aspx?ID=272,FALSE,TRUE,,TRUE,TRUE,,,,,,,,,,,,,,,TRUE,,,,,,TRUE,,,,,TRUE,TRUE,,,6
Folklorist,https://2e.aonprd.com/Archetypes.aspx?ID=105,FALSE,TRUE,,,,,,,,,TRUE,,,,,,,,,,,,,,,,,,,,,,,,2
Game Hunter,https://2e.aonprd.com/Archetypes.aspx?ID=169,FALSE,TRUE,,,TRUE,,,,,,,,,,,,,,,TRUE,,,,,,TRUE,,,,,,,,,2
Geomancer,https://2e.aonprd.com/Archetypes.aspx?ID=100,TRUE,,,,,,,,,,,,,,,,,,,,,,,,,TRUE,,,,,TRUE,,,,2
Ghost,https://2e.aonprd.com/Archetypes.aspx?ID=177,FALSE,FALSE,TRUE,,,,,,,,,,,,,,,,,,,,,,,,TRUE,,,,,,TRUE,,2
Ghost Eater,https://2e.aonprd.com/Archetypes.aspx?ID=92,FALSE,TRUE,,TRUE,TRUE,,,,,,,,,,,,,,TRUE,,,,TRUE,,,,,,,,,,,,2
Ghost Hunter,https://2e.aonprd.com/Archetypes.aspx?ID=88,FALSE,TRUE,,,,,,,TRUE,,,,,,TRUE,,,,TRUE,,,,TRUE,,,,,,,,,,,,2
Ghoul,https://2e.aonprd.com/Archetypes.aspx?ID=178,FALSE,FALSE,TRUE,,,,,,,,,,,,,,,TRUE,,TRUE,,,,,,TRUE,,,,,,TRUE,TRUE,,2
Gladiator,https://2e.aonprd.com/Archetypes.aspx?ID=251,TRUE,,,,,,,,TRUE,,,,,,,,,,,,,,,,,TRUE,,TRUE,TRUE,,,,,TRUE,2
Golden League Xun,https://2e.aonprd.com/Archetypes.aspx?ID=93,FALSE,TRUE,,TRUE,TRUE,,,,TRUE,,,,,,,,,,,,,,,,,TRUE,,,,,,,,,8
Golem Grafter,https://2e.aonprd.com/Archetypes.aspx?ID=39,FALSE,TRUE,,TRUE,,,,,,,,,,,,,,,,,,,,,,,TRUE,,,,,TRUE,,,2
Gray Gardener,https://2e.aonprd.com/Archetypes.aspx?ID=124,FALSE,TRUE,,,,,,,TRUE,,,,,,,,,,TRUE,TRUE,,,TRUE,,,TRUE,,,,,,,,TRUE,2
Guardian,https://2e.aonprd.com/Archetypes.aspx?ID=323,TRUE,,,,,,,,,,,,TRUE,,,,,,,,,TRUE,,,,TRUE,,,,,,,,,2
Guerrilla,https://2e.aonprd.com/Archetypes.aspx?ID=327,TRUE,,,,TRUE,,,,,,,,,,,,,,,TRUE,,,,,,,,,,,,,,,2
Gunslinger,https://2e.aonprd.com/Archetypes.aspx?ID=114,FALSE,TRUE,,,TRUE,,,,,TRUE,,,,,,,TRUE,,,TRUE,,TRUE,,,,TRUE,,,,,,,,,2
Halcyon Speaker,https://2e.aonprd.com/Archetypes.aspx?ID=30,FALSE,TRUE,,,,,TRUE,TRUE,TRUE,,,TRUE,,TRUE,,,,,TRUE,,,,,TRUE,TRUE,,,,,TRUE,,,,,6
Hallowed Necromancer,https://2e.aonprd.com/Archetypes.aspx?ID=172,FALSE,TRUE,,,,,TRUE,TRUE,TRUE,,,TRUE,,TRUE,,TRUE,,,,,,,TRUE,,TRUE,,TRUE,,,,,,,,2
Harrower,https://2e.aonprd.com/Archetypes.aspx?ID=204,FALSE,TRUE,,TRUE,TRUE,TRUE,TRUE,TRUE,TRUE,,,,,,,,,,,,,,,,,TRUE,,,,,,,,,2
Hellbreaker,https://2e.aonprd.com/Archetypes.aspx?ID=353,FALSE,TRUE,,TRUE,TRUE,,,TRUE,,,,,,TRUE,,,,,TRUE,TRUE,,,,,,TRUE,TRUE,,,,TRUE,,,,2
Hellknight,https://2e.aonprd.com/Archetypes.aspx?ID=25,FALSE,TRUE,,,,,,,,,,,TRUE,,,,,,,TRUE,,,,,,,,,,,,,,TRUE,6
Hellknight Armiger,https://2e.aonprd.com/Archetypes.aspx?ID=20,FALSE,TRUE,,,,,,,,,,,,TRUE,,TRUE,,,TRUE,TRUE,,,,,,,TRUE,,,,,,,,2
Hellknight Signifer,https://2e.aonprd.com/Archetypes.aspx?ID=26,FALSE,TRUE,,,,,,,,,,,TRUE,,,TRUE,,,,,,,,,,,,,,,,,,,6
Herbalist,https://2e.aonprd.com/Archetypes.aspx?ID=252,TRUE,,,,,,TRUE,,,TRUE,,,,,,,TRUE,,,,,,,,,,,,,,,,,,2
Horizon Walker,https://2e.aonprd.com/Archetypes.aspx?ID=63,TRUE,,,,,,,,,,,,,,TRUE,,,,,,,,,,,,TRUE,,,,,,,,2
Inventor,https://2e.aonprd.com/Archetypes.aspx?ID=108,FALSE,TRUE,,,,,,TRUE,,,,,,,,,,TRUE,,TRUE,TRUE,TRUE,,,,TRUE,,TRUE,,,,,,,2
Investigator,https://2e.aonprd.com/Archetypes.aspx?ID=231,TRUE,,,,,,,TRUE,,,TRUE,,,,TRUE,,,,,,,TRUE,,,,TRUE,,,,,,,,,2
Iridian Choirmaster,https://2e.aonprd.com/Archetypes.aspx?ID=328,FALSE,TRUE,,,,,,,,,,,,,,,,,,,,,,,,TRUE,,,,,,,,,2
Jalmeri Heavenseeker,https://2e.aonprd.com/Archetypes.aspx?ID=198,FALSE,TRUE,,TRUE,,,TRUE,,,,,,,TRUE,,TRUE,,,,TRUE,,,TRUE,,,,,,,,TRUE,TRUE,,,4
Juggler,https://2e.aonprd.com/Archetypes.aspx?ID=36,FALSE,TRUE,,,,,,,,,,,,,,,,,,,,,,,,TRUE,,,,,,,,,2
Kitharodian Actor,https://2e.aonprd.com/Archetypes.aspx?ID=301,FALSE,FALSE,TRUE,,,,,,TRUE,,,,,,,,,,,,,,,,,TRUE,TRUE,,,,TRUE,,,,2
Kineticist,https://2e.aonprd.com/Archetypes.aspx?ID=206,TRUE,,,,,TRUE,,,,,,,,,,,,TRUE,,,,TRUE,,,TRUE,,,,,,TRUE,,,,2
Knight Reclaimant,https://2e.aonprd.com/Archetypes.aspx?ID=28,FALSE,TRUE,,,,,,,TRUE,,,,,TRUE,,TRUE,,,TRUE,TRUE,,,,,,TRUE,,,TRUE,,,,,,6
Knight Vigilant,https://2e.aonprd.com/Archetypes.aspx?ID=27,FALSE,TRUE,,,,,,,TRUE,,,,,TRUE,,TRUE,,TRUE,,,,,,,,TRUE,TRUE,,TRUE,,,,,,6
Lastwall Sentry,https://2e.aonprd.com/Archetypes.aspx?ID=15,FALSE,TRUE,,,,,,,,,,,,,,,,,,,,,,,,TRUE,TRUE,,,,TRUE,,,,2
Lepidstadt Surgeon,https://2e.aonprd.com/Archetypes.aspx?ID=302,FALSE,TRUE,,,,,,,,,,,,,,,,,,,TRUE,,,,,,,,,,,,,,2
Lich,https://2e.aonprd.com/Archetypes.aspx?ID=179,FALSE,FALSE,TRUE,,,,,,,,,,,,,,,,,,,,,,,,,,,,,,TRUE,,12
Linguist,https://2e.aonprd.com/Archetypes.aspx?ID=253,TRUE,,,,,,,TRUE,,,,,,,,,,,,,,,,,,TRUE,,,TRUE,,,,,,2
Lion Blade,https://2e.aonprd.com/Archetypes.aspx?ID=319,FALSE,TRUE,,,,,,,TRUE,,,,,,TRUE,,,,TRUE,TRUE,,,TRUE,,,,,,,,,,,,2
Living Monolith,https://2e.aonprd.com/Archetypes.aspx?ID=16,FALSE,TRUE,,,,,,,,,,,,,,,,,TRUE,,,,,,,,TRUE,,,,,,,,2
Living Vessel,https://2e.aonprd.com/Archetypes.aspx?ID=345,FALSE,FALSE,TRUE,,,,,,,,,,,,,,,,,,,,,,,,,,,,,TRUE,,,2
Loremaster,https://2e.aonprd.com/Archetypes.aspx?ID=65,TRUE,,,,,,,TRUE,,,TRUE,,,,,,,,TRUE,,,,TRUE,,,,,,TRUE,,,,,,2
Magaambyan Attendant,https://2e.aonprd.com/Archetypes.aspx?ID=29,FALSE,TRUE,,,,,TRUE,TRUE,,,,TRUE,,TRUE,,,,,,,TRUE,,TRUE,,TRUE,TRUE,,,TRUE,,,,,,2
Magic Warrior,https://2e.aonprd.com/Archetypes.aspx?ID=19,FALSE,TRUE,,,,,,,,,,,,,,TRUE,,,TRUE,,,,,,TRUE,,,,,,,TRUE,,,2
Magus,https://2e.aonprd.com/Archetypes.aspx?ID=95,TRUE,,,TRUE,TRUE,,,TRUE,,,,TRUE,,,,,,,,TRUE,,TRUE,,TRUE,,,,,,,,TRUE,,,2
Mammoth Lord,https://2e.aonprd.com/Archetypes.aspx?ID=170,FALSE,TRUE,,,,,,,,,,,,,,,,,,,TRUE,,,,,,,,TRUE,,,,,,4
Marshal,https://2e.aonprd.com/Archetypes.aspx?ID=254,TRUE,,,,,,,,TRUE,,,,,,,,,,,TRUE,,,,,,TRUE,,,,,TRUE,,,,2
Martial Artist,https://2e.aonprd.com/Archetypes.aspx?ID=255,TRUE,,,TRUE,TRUE,,,,,,,,,,,,,,,TRUE,,,,,,TRUE,TRUE,,,,TRUE,TRUE,,,2
Mauler,https://2e.aonprd.com/Archetypes.aspx?ID=256,TRUE,,,TRUE,,,,,,,,,,,,,,,,TRUE,,,,,,TRUE,,,,,,,,,2
Medic,https://2e.aonprd.com/Archetypes.aspx?ID=257,TRUE,,,,,,TRUE,,,,,,,,,,,TRUE,,,,,,,,,,,TRUE,,,,,,2
Mind Smith,https://2e.aonprd.com/Archetypes.aspx?ID=351,TRUE,,TRUE,,,,,,,,,,,,,,,,,,,,,,,,,,TRUE,,,,,,2
Monk,https://2e.aonprd.com/Archetypes.aspx?ID=232,TRUE,,,TRUE,TRUE,,TRUE,,,,,,,TRUE,,TRUE,,TRUE,,TRUE,,TRUE,TRUE,,,TRUE,,,,,TRUE,TRUE,,TRUE,2
Mortal Herald,https://2e.aonprd.com/Archetypes.aspx?ID=305,FALSE,FALSE,TRUE,,,,TRUE,,,,,,,TRUE,,TRUE,,,TRUE,,,,,,,TRUE,TRUE,,TRUE,,TRUE,,,,12
Mummy,https://2e.aonprd.com/Archetypes.aspx?ID=180,FALSE,FALSE,TRUE,,,,,,,,,,,,,,,,,,,,,,,TRUE,,,,,,TRUE,TRUE,,2
Nantambu Chime-Ringer,https://2e.aonprd.com/Archetypes.aspx?ID=106,FALSE,TRUE,,,,,,TRUE,TRUE,,,TRUE,,,,,,,TRUE,,,,TRUE,,,,,,,,,,,,2
Necrologist,https://2e.aonprd.com/Archetypes.aspx?ID=330,FALSE,FALSE,TRUE,,,,TRUE,TRUE,TRUE,,,,,,,,,,,,,,,,,,,,,,,,,,6
Oatia Skysage,https://2e.aonprd.com/Archetypes.aspx?ID=335,FALSE,TRUE,,,,,,TRUE,,,,,,,,TRUE,,,,,,,TRUE,,,TRUE,TRUE,,,TRUE,,,,,2
Oozemorph,https://2e.aonprd.com/Archetypes.aspx?ID=84,FALSE,TRUE,,,,,,,,,,,,,,,,,,,,,,,,,TRUE,,,,,,,,2
Oracle,https://2e.aonprd.com/Archetypes.aspx?ID=233,TRUE,,,,,,,,,,,,,,,,,,,,,,,,,,,,,,,,,,2
Ostilli Host,https://2e.aonprd.com/Archetypes.aspx?ID=222,FALSE,TRUE,,TRUE,TRUE,TRUE,TRUE,TRUE,TRUE,,,,,,,,,,,,,,,,,TRUE,TRUE,,,,,,,,2
Overwatch,https://2e.aonprd.com/Archetypes.aspx?ID=109,FALSE,TRUE,,,,,,,,,,,,,,,,,,,,,,,,TRUE,,,,,,,,,2
Pactbinder,https://2e.aonprd.com/Archetypes.aspx?ID=346,FALSE,TRUE,,,,,,,TRUE,,,,,,,,,,TRUE,,,,,,TRUE,,,,TRUE,,,,,,2
Pactbound Initiate,https://2e.aonprd.com/Archetypes.aspx?ID=167,FALSE,FALSE,TRUE,,,,,,,,,,,,,,,,,,,,,,,TRUE,TRUE,,,,,TRUE,,,2
Pathfinder Agent,https://2e.aonprd.com/Archetypes.aspx?ID=13,FALSE,TRUE,,,,,,,,,TRUE,TRUE,,TRUE,TRUE,,,,TRUE,,,,TRUE,,TRUE,TRUE,,,,,,,,,2
Pirate,https://2e.aonprd.com/Archetypes.aspx?ID=258,TRUE,,,,,,,,TRUE,,,,,,,,,,,,,,,,,TRUE,,,TRUE,,,,,TRUE,2
Pistol Phenom,https://2e.aonprd.com/Archetypes.aspx?ID=120,FALSE,TRUE,,,TRUE,,,,TRUE,,,,,,,,,,,TRUE,,,,,,,,,,,,,,,2
Poisoner,https://2e.aonprd.com/Archetypes.aspx?ID=259,TRUE,,,,TRUE,,,,,TRUE,,,,,,,,,,,,,,,,TRUE,TRUE,,,,,,,,2
Prophet of Kalistrade,https://2e.aonprd.com/Archetypes.aspx?ID=315,FALSE,TRUE,,,,,,,TRUE,,,TRUE,,,,,,,TRUE,,,,TRUE,,,,,,,TRUE,,,,,2
Provocator,https://2e.aonprd.com/Archetypes.aspx?ID=87,FALSE,TRUE,,,,,,,TRUE,,,,,,,,,,,TRUE,,,,,,TRUE,,,,,,,,,10
Psychic,https://2e.aonprd.com/Archetypes.aspx?ID=342,TRUE,,,,,,,TRUE,TRUE,,,,,,,TRUE,,,,,,TRUE,TRUE,,,,,,,TRUE,,,,,2
Psychic Duelist,https://2e.aonprd.com/Archetypes.aspx?ID=350,FALSE,FALSE,TRUE,,,,,,,,,,,,,,,,,,,,,,,,,,,,,,,,4
Ranger,https://2e.aonprd.com/Archetypes.aspx?ID=215,TRUE,,,TRUE,TRUE,,TRUE,,,,,,,,,TRUE,,TRUE,,TRUE,TRUE,TRUE,,,TRUE,TRUE,,,,,,,,,2
Razmiran Priest,https://2e.aonprd.com/Archetypes.aspx?ID=307,FALSE,TRUE,,,,,,,TRUE,,,,,,,,,,,,,,TRUE,,,,,,,,,,,,2
Reanimator,https://2e.aonprd.com/Archetypes.aspx?ID=175,TRUE,,,,,,,,,,,,,,,TRUE,,,,,,,,,,,,,,,,,,,2
Red Mantis Assassin,https://2e.aonprd.com/Archetypes.aspx?ID=271,FALSE,TRUE,,,,,,,TRUE,,,,,TRUE,,TRUE,,,,TRUE,,,,TRUE,,,,,,,,,,TRUE,2
Ritualist,https://2e.aonprd.com/Archetypes.aspx?ID=260,FALSE,TRUE,,,,,,,,,,,,,,,,,,,,,,,,,,,TRUE,,,,,,4
Rivethun Emissary,https://2e.aonprd.com/Archetypes.aspx?ID=308,FALSE,TRUE,,,,,TRUE,,,,,,,TRUE,TRUE,TRUE,,,TRUE,,TRUE,,,,,,,,,,,,,,2
Rivethun Invoker,https://2e.aonprd.com/Archetypes.aspx?ID=309,FALSE,TRUE,,,,,,,,,,,,,,,,,,TRUE,,,,,,TRUE,TRUE,,,,,TRUE,,,2
Rivethun Involutionist,https://2e.aonprd.com/Archetypes.aspx?ID=310,FALSE,TRUE,,,,,TRUE,,,,,,,TRUE,,,,,,,TRUE,,,,,,,,,TRUE,,,,,2
Rogue,https://2e.aonprd.com/Archetypes.aspx?ID=216,TRUE,,,,TRUE,,,,,,,,,,TRUE,,,,,,,TRUE,,,,TRUE,,,,,,,,,2
Runescarred,https://2e.aonprd.com/Archetypes.aspx?ID=21,FALSE,TRUE,,,,,,,TRUE,,,TRUE,,,,,,,TRUE,,,,,,,,,,,,,,,,2
Sanguimancer,https://2e.aonprd.com/Archetypes.aspx?ID=321,FALSE,FALSE,TRUE,,,,,,,,,TRUE,,TRUE,,,,,,,,,TRUE,,TRUE,,,,,,,,,,2
Scions of Domora,https://2e.aonprd.com/Archetypes.aspx?ID=336,FALSE,FALSE,TRUE,,,,,,,,,,,,,,,,,TRUE,TRUE,,,,,TRUE,TRUE,,,,,,,,4
Scout,https://2e.aonprd.com/Archetypes.aspx?ID=261,TRUE,,,,,,,,,,,,,,TRUE,,,,,TRUE,,,,,,,,,,,,,,,2
Scroll Trickster,https://2e.aonprd.com/Archetypes.aspx?ID=262,TRUE,,,,,,,,,,,,,,,,TRUE,,,,,,,,,,,,,,,,,,2
Scrollmaster,https://2e.aonprd.com/Archetypes.aspx?ID=31,FALSE,TRUE,,,,,,TRUE,,,,TRUE,,,,TRUE,,,TRUE,,,,,,,TRUE,,,,,,,,,6
Scrounger,https://2e.aonprd.com/Archetypes.aspx?ID=263,FALSE,TRUE,,,,,,,,,,,,,,,,,,,,,,,,,,,TRUE,,,,,,2
Sentinel,https://2e.aonprd.com/Archetypes.aspx?ID=264,TRUE,,,,,,,,,,,,TRUE,,,,,,,,,,,,,TRUE,,,,,,,,,2
Shadowcaster,https://2e.aonprd.com/Archetypes.aspx?ID=101,FALSE,TRUE,,,,,TRUE,TRUE,TRUE,,,TRUE,,TRUE,,TRUE,,,TRUE,,TRUE,,TRUE,,TRUE,,TRUE,,,,,,,,2
Shadowdancer,https://2e.aonprd.com/Archetypes.aspx?ID=77,TRUE,,,,,,,,TRUE,,,,,,,TRUE,,,TRUE,,,,TRUE,,,TRUE,TRUE,,,,,,,,8
Shieldmarshal,https://2e.aonprd.com/Archetypes.aspx?ID=197,FALSE,TRUE,,,,,,,,,,,,,,,,,,TRUE,,,,,,TRUE,TRUE,,,,,,,,2
Sixth Pillar,https://2e.aonprd.com/Archetypes.aspx?ID=94,FALSE,TRUE,,,,,,,,,,,,,,,,,,,,,,,,,,,,,TRUE,TRUE,,,10
Sleepwalker,https://2e.aonprd.com/Archetypes.aspx?ID=352,FALSE,TRUE,,,,,TRUE,,,,,,,,,TRUE,,,TRUE,,,,TRUE,,,,,,,,,,,,4
Snarecrafter,https://2e.aonprd.com/Archetypes.aspx?ID=265,TRUE,,,,,,,,,,,,,,,,TRUE,,,,,,,,,,,,,,,,,,2
Sniping Duo,https://2e.aonprd.com/Archetypes.aspx?ID=121,TRUE,,,,,,,,,,,,,,,,,,,TRUE,,,,,,TRUE,,,,,,,,,2
Sorcerer,https://2e.aonprd.com/Archetypes.aspx?ID=234,TRUE,,,,,,,,TRUE,,,TRUE,,TRUE,,TRUE,,TRUE,,,,,TRUE,,TRUE,,,,,,,,,,2
Soul Warden,https://2e.aonprd.com/Archetypes.aspx?ID=173,TRUE,,,,,,TRUE,,,,,,,TRUE,,TRUE,,,TRUE,,,,,,,,,,,,,,,,2
Soulforger,https://2e.aonprd.com/Archetypes.aspx?ID=102,FALSE,TRUE,,,,,,,,,,,,,,,,,,,,,,,,,,,,,,,,,2
Spell Trickster,https://2e.aonprd.com/Archetypes.aspx?ID=126,TRUE,,,,,,TRUE,TRUE,TRUE,,,,,,,,,,,,,,,,,,,,,,,,,,2
Spellmaster,https://2e.aonprd.com/Archetypes.aspx?ID=32,FALSE,TRUE,,,,,TRUE,TRUE,TRUE,,,,,,TRUE,,,,,,TRUE,,,,,TRUE,TRUE,,,,,,,,6
Spirit Warrior,https://2e.aonprd.com/Archetypes.aspx?ID=274,FALSE,TRUE,,,,,,,,,,,,,,,,,,TRUE,,,,,,TRUE,,,,,,TRUE,,,2
Staff Acrobat,https://2e.aonprd.com/Archetypes.aspx?ID=37,FALSE,TRUE,,TRUE,TRUE,,,,,,,,,,,,,,,TRUE,,,,,,,,,,,TRUE,,,,2
Stalwart Defender,https://2e.aonprd.com/Archetypes.aspx?ID=205,FALSE,TRUE,,,,,,,,,,,TRUE,,,,,,,,,,,,,TRUE,TRUE,,TRUE,,TRUE,,,,2
Starlit Sentinel,https://2e.aonprd.com/Archetypes.aspx?ID=275,FALSE,FALSE,TRUE,,,,,,TRUE,,,TRUE,,,,TRUE,,TRUE,,,,,,,,,,,,,,,,,2
Sterling Dynamo,https://2e.aonprd.com/Archetypes.aspx?ID=110,FALSE,TRUE,,,,,,,,,,,,,,,,,,TRUE,,,,,,,,,,,,TRUE,,,2
Stone Brawler,https://2e.aonprd.com/Archetypes.aspx?ID=209,FALSE,TRUE,,,,,,,,,,,,,,,,,,,,,,,,,TRUE,,,,TRUE,TRUE,,,2
Stonebound,https://2e.aonprd.com/Archetypes.aspx?ID=210,FALSE,TRUE,,,,,,,TRUE,,,,,,,,,,TRUE,,,,,,TRUE,,,,,,,,,,2
Student of Perfection,https://2e.aonprd.com/Archetypes.aspx?ID=18,FALSE,TRUE,,,TRUE,TRUE,TRUE,,,,,,,,,TRUE,,,,,,,,,,,TRUE,,,,,,,TRUE,2
Summoner,https://2e.aonprd.com/Archetypes.aspx?ID=96,TRUE,,,,,,,,TRUE,,,TRUE,,TRUE,,,,,,,TRUE,TRUE,TRUE,,TRUE,,,,,TRUE,,TRUE,,,2
Swarmkeeper,https://2e.aonprd.com/Archetypes.aspx?ID=223,FALSE,TRUE,,TRUE,TRUE,TRUE,TRUE,TRUE,TRUE,,,,,,,,,,,,,,,,,,,,,,,,,,2
Swashbuckler,https://2e.aonprd.com/Archetypes.aspx?ID=235,TRUE,,,,TRUE,,,,TRUE,,,,,,,,,,,TRUE,,TRUE,,,,TRUE,,,,,,,,,2
Swordmaster,https://2e.aonprd.com/Archetypes.aspx?ID=33,FALSE,TRUE,,TRUE,TRUE,,,,,,,,,,TRUE,,,,,TRUE,,,,,,TRUE,,TRUE,TRUE,,,,,TRUE,6
Talisman Dabbler,https://2e.aonprd.com/Archetypes.aspx?ID=266,TRUE,,,TRUE,TRUE,TRUE,TRUE,TRUE,TRUE,,,,,,,,TRUE,,,,,,,,,,,,,,,,,,2
Tattooed Historian,https://2e.aonprd.com/Archetypes.aspx?ID=313,FALSE,TRUE,,TRUE,TRUE,TRUE,TRUE,TRUE,TRUE,,,,,,,,,,,TRUE,,,,,,TRUE,,,,,,,,,2
Thaumaturge,https://2e.aonprd.com/Archetypes.aspx?ID=343,TRUE,,,TRUE,TRUE,,,,TRUE,,,,,,TRUE,,,TRUE,,,,TRUE,,,,TRUE,TRUE,,,,,,,,2
Thlipit Contestant,https://2e.aonprd.com/Archetypes.aspx?ID=224,TRUE,,,TRUE,,,,,,,,,,,,,,,,TRUE,,,,,,TRUE,,,,,,TRUE,,,2
Time Mage,https://2e.aonprd.com/Archetypes.aspx?ID=348,FALSE,TRUE,,,,,TRUE,TRUE,TRUE,,,TRUE,,TRUE,,TRUE,,TRUE,TRUE,,,,TRUE,,TRUE,,,,,,,,,,6
Trapsmith,https://2e.aonprd.com/Archetypes.aspx?ID=111,FALSE,TRUE,,,,,,,,,,,,,,,,,,,,,,,,,,,TRUE,,,,,,4
Trick Driver,https://2e.aonprd.com/Archetypes.aspx?ID=112,FALSE,TRUE,,,TRUE,,,TRUE,,,,,,,,,,,,,,,,,,,,,TRUE,,,,,,2
Turpin Rowe Lumberjack,https://2e.aonprd.com/Archetypes.aspx?ID=40,FALSE,TRUE,,TRUE,TRUE,,,,,,,,,,,,,,,,,,,,,,,,,,,,,,2
Twilight Speaker,https://2e.aonprd.com/Archetypes.aspx?ID=337,FALSE,TRUE,,,TRUE,,,TRUE,TRUE,,,,,,,,,,,,,,,,,TRUE,,TRUE,,,,,,,2
Ulfen Guard,https://2e.aonprd.com/Archetypes.aspx?ID=320,FALSE,TRUE,,TRUE,,,,,,,,,,,,,,,,,,,,,,TRUE,,,,,,,,,2
Undead Master,https://2e.aonprd.com/Archetypes.aspx?ID=176,FALSE,TRUE,,,,,,,,,,,,,,,,,,,TRUE,,,,,TRUE,,,,,,,,,2
Undead Slayer,https://2e.aonprd.com/Archetypes.aspx?ID=174,TRUE,,,TRUE,TRUE,,TRUE,TRUE,TRUE,,,,,,,,TRUE,,,TRUE,,,,,,,TRUE,,TRUE,,,,,,2
Unexpected Sharpshooter,https://2e.aonprd.com/Archetypes.aspx?ID=123,FALSE,TRUE,,,TRUE,,,,TRUE,,,,,,,,,,,TRUE,,,,,,TRUE,,,,,,,,,2
Vampire,https://2e.aonprd.com/Archetypes.aspx?ID=181,FALSE,FALSE,TRUE,TRUE,,,,,TRUE,,,,,TRUE,,,,TRUE,TRUE,,,,,,,,,,,,,TRUE,TRUE,,2
Vehicle Mechanic,https://2e.aonprd.com/Archetypes.aspx?ID=113,FALSE,TRUE,,,,,,,,,,,,,,,,,,,,,,,,,,,TRUE,,,,,,2
Venture-Gossip,https://2e.aonprd.com/Archetypes.aspx?ID=311,TRUE,,,,,,,TRUE,TRUE,,TRUE,,,,,,,,,,,,,,,TRUE,,,TRUE,,,,,,4
Verduran Shadow,https://2e.aonprd.com/Archetypes.aspx?ID=312,FALSE,TRUE,,,,,TRUE,,,,,,,,,,,,,TRUE,,,,,,TRUE,,,,,,,,,2
Vigilante,https://2e.aonprd.com/Archetypes.aspx?ID=267,FALSE,TRUE,,,,,,,TRUE,,,,,,,,,,,,,,,,,TRUE,,,TRUE,,,,,,2
Viking,https://2e.aonprd.com/Archetypes.aspx?ID=268,TRUE,,,TRUE,TRUE,,,,,,,,,,,,,,,TRUE,,,,,,TRUE,,,,,,,,TRUE,2
Wandering Chef,https://2e.aonprd.com/Archetypes.aspx?ID=277,TRUE,,,,,,,,,TRUE,,,,,,,TRUE,,,,,,,,,,,,,,,,,,2
Weapon Improviser,https://2e.aonprd.com/Archetypes.aspx?ID=269,TRUE,,,TRUE,TRUE,,,,,,,,,,,,,,,TRUE,,,,,,TRUE,,,,,,,,,2
Werecreature,https://2e.aonprd.com/Archetypes.aspx?ID=225,FALSE,FALSE,TRUE,TRUE,TRUE,,,,,,,,,,,,,TRUE,,,,,,,,TRUE,TRUE,,,,,TRUE,,,2
Wild Mimic,https://2e.aonprd.com/Archetypes.aspx?ID=226,TRUE,,,TRUE,TRUE,,,,,,,,,,,,,,,TRUE,,,,,,TRUE,,,,,TRUE,TRUE,,,2
Winged Warrior,https://2e.aonprd.com/Archetypes.aspx?ID=227,TRUE,,,TRUE,TRUE,,,,,,,,,,,,,,,TRUE,,,,,,TRUE,,,,,,TRUE,,,2
Witch,https://2e.aonprd.com/Archetypes.aspx?ID=217,TRUE,,,,,,,TRUE,,,,TRUE,,TRUE,,TRUE,TRUE,TRUE,,,TRUE,TRUE,TRUE,TRUE,TRUE,,,,,,,,,,2
Wizard,https://2e.aonprd.com/Archetypes.aspx?ID=218,TRUE,,,,,,,TRUE,,,,TRUE,,,,TRUE,,,,,TRUE,TRUE,,,,,,,,,,,,,2
Worm Caller,https://2e.aonprd.com/Archetypes.aspx?ID=208,FALSE,FALSE,TRUE,,,,,,,,,,,,,,,,TRUE,,,,,,TRUE,,TRUE,,,,,,,,2
Wrestler,https://2e.aonprd.com/Archetypes.aspx?ID=270,TRUE,,,TRUE,,,,,,,,,,,,,,,,TRUE,,,,,,TRUE,,,,,,TRUE,,,2
Wylderheart,https://2e.aonprd.com/Archetypes.aspx?ID=318,FALSE,TRUE,,TRUE,TRUE,,TRUE,,,,,,,,,TRUE,,,,TRUE,TRUE,,,,TRUE,,,,,,,,,,2
Zephyr Guard,https://2e.aonprd.com/Archetypes.aspx?ID=35,FALSE,TRUE,,TRUE,,,TRUE,,TRUE,,,,,,,,,,,,,,,,,,,,,,,,,,2
Zombie,https://2e.aonprd.com/Archetypes.aspx?ID=182,FALSE,FALSE,TRUE,TRUE,,,,,,,,,,,,,,,,TRUE,TRUE,,,,,TRUE,,,,,,TRUE,TRUE,,2